Model,R2 Score,MAE,RMSE
Linear Regression,0.9522320068163055,18.50775309868867,22.539736763709037
Ridge Regression,0.9520646906767498,18.56005059348877,22.579177034046012
Lasso Regression,0.9537358968680598,18.322366053007187,22.18208756333143
Random Forest,0.9695469703915154,12.20736842105263,17.996812583285262
